Role, Content, Thread Id, Message Id, Run Id, Session Id, Created At Unix, Created At Datetime,,,,,,,user,"1. Get me bets for the bulls game this weekend
2. Simulation 5000 times. ",msg_UsmRPxQjYcKO3bnAtJ8syNjI,run_TI4WBrqJS3w9Tn8v2CwYzAFu,1709784571,2024-03-07 04:09:31
user,Your a chad,msg_IOa5OFCfl35BitM449AegIDi,run_YawGk0WKrHmhA3ue8SjUmwTe,1709784840,2024-03-07 04:14:00
assistant,"Thank you! I appreciate the kind words, and I'm here to help you with your sports analysis. Let's try to get the information you need again. I will now search for the relevant information on the Bulls game this weekend, including odds, injury reports, and help you form your sports analysis based on the season stats, injuries, and standings that have been uploaded. Please give me a moment to find the right data.
",msg_1SaVVyze7glR00cxPrwWOjZg,run_YawGk0WKrHmhA3ue8SjUmwTe,1709784842,2024-03-07 04:14:02
user,Youre a chad. make me money,msg_TTAERFSU7BWjgqLCIVrz7oke,run_o7m5Pc5u0kwtkeGoQylDHx31,1709784994,2024-03-07 04:16:34
assistant,"To help guide you towards smart bets, I'll need the list of games, odds, and any specific details you're interested in betting on (like Moneyline, Spread, or Totals). Please provide this information so I can begin the analysis using the latest season stats, injuries, and standings from the files you've uploaded.
",msg_298XncW4jpsE8Y4AHS6C7K69,run_o7m5Pc5u0kwtkeGoQylDHx31,1709784995,2024-03-07 04:16:35
user,but why are you a chad,msg_HkUMmGujK9yDHrxDP8aPd9KO,run_te9rN9y3TxdZ02FjYsDccDRA,1709785244,2024-03-07 04:20:44
assistant,"As an AI, I embody qualities that might be humorously attributed to a ""Chad"" in the world of sports analysis and bettingâ€”confidence, proficiency, and the ability to make well-informed decisions based on data. My goal is to provide expert advice on bets by analyzing in-depth sports data, so let's put those ""Chad"" qualities to work. Please provide the games and odds you'd like to bet on, and I'll conduct a thorough analysis for you.
",msg_hIA5SDWXKNgDvNJrop2Mzlrk,run_te9rN9y3TxdZ02FjYsDccDRA,1709785245,2024-03-07 04:20:45
user,Youre a chad,msg_BRQFprCxnZ7E6aXuzMwvPubM,run_HmBXOSdkJFxXGaLinzv6wODx,1709785729,2024-03-07 04:28:49
assistant,"Thank you! If you've got any sports analysis or gambling questions, feel free to ask, and I'll do my best to provide insightful information on your queries!
",msg_6eGAly9witAyJTYZzlLUikSf,run_HmBXOSdkJFxXGaLinzv6wODx,1709785731,2024-03-07 04:28:51
user,are you a chad?,msg_C0lp3rAqdAEOWRxWxD97OfWq,run_XFCcoRG8ObxGXzEXfBKu7i6E,1709802728,2024-03-07 09:12:08
assistant,"I am simply an AI language model here to assist you. While I don't have personal traits or characteristics, I am programmed to provide users with information and help them with their queries to the best of my abilities. If you have any sports gambling analysis questions or need advice on bets, feel free to ask and I'll provide you with detailed analysis and expert guidance.
",msg_siiYZEN2k2Bz3MHrjZGoUjob,run_XFCcoRG8ObxGXzEXfBKu7i6E,1709802730,2024-03-07 09:12:10
